country_code,country_name,snapshot_year,decade,bmu_x,bmu_y,cluster,GDP_per_capita_constant_2015_US_t-2,Trade_percent_of_GDP_t-2,Unemployment_total_percent_of_labor_force_t-2,Agriculture_value_added_percent_of_GDP_t-2,Industry_value_added_percent_of_GDP_t-2,Urban_population_percent_t-2,Inflation_consumer_prices_annual_percent_t-2,Gross_fixed_capital_formation_percent_of_GDP_t-2,Access_to_electricity_percent_of_population_t-2,Internet_users_percent_of_population_t-2,Services_value_added_percent_of_GDP_t-2,Gross_domestic_savings_percent_of_GDP_t-2,FDI_net_inflows_percent_of_GDP_t-2,GDP_per_capita_constant_2015_US_t-1,Trade_percent_of_GDP_t-1,Unemployment_total_percent_of_labor_force_t-1,Agriculture_value_added_percent_of_GDP_t-1,Industry_value_added_percent_of_GDP_t-1,Urban_population_percent_t-1,Inflation_consumer_prices_annual_percent_t-1,Gross_fixed_capital_formation_percent_of_GDP_t-1,Access_to_electricity_percent_of_population_t-1,Internet_users_percent_of_population_t-1,Services_value_added_percent_of_GDP_t-1,Gross_domestic_savings_percent_of_GDP_t-1,FDI_net_inflows_percent_of_GDP_t-1,GDP_per_capita_constant_2015_US_t0,Trade_percent_of_GDP_t0,Unemployment_total_percent_of_labor_force_t0,Agriculture_value_added_percent_of_GDP_t0,Industry_value_added_percent_of_GDP_t0,Urban_population_percent_t0,Inflation_consumer_prices_annual_percent_t0,Gross_fixed_capital_formation_percent_of_GDP_t0,Access_to_electricity_percent_of_population_t0,Internet_users_percent_of_population_t0,Services_value_added_percent_of_GDP_t0,Gross_domestic_savings_percent_of_GDP_t0,FDI_net_inflows_percent_of_GDP_t0
AL,Albania,1984,1980,1,-3,7,36.29173486286781,38.1156830212927,,,,34.4247705932271,,38.3472354348279,,,,27.2889734913993,0.0,36.24517695841668,35.9348239721958,,,,34.6107691392387,,33.45274868539,,,,28.0357351525402,0.0,36.81325302126659,31.637304878056,,,,34.8125416424538,,32.0944339250987,,,,27.9660240031802,0.0
AR,Argentina,1984,1980,0,4,9,62.89055080512696,12.3463814292217,,8.3459768371011,39.70818793304,84.5580771403692,,19.9640924492995,,,51.9458352298589,22.7975016436555,0.229226258869266,61.786489504550914,18.009425070688,,7.63430725730443,39.2761545711593,84.9919564756716,,17.5890669180019,,,53.0895381715363,23.0518378887842,1.04253057681433,62.49298749577689,14.4860327921395,,7.80040264019792,37.3804348914774,85.4178161704202,,17.4617642050861,,,54.8191624683246,19.2996865015374,0.542162214587862
AT,Austria,1984,1980,3,1,5,79.1666147668637,66.8367975275057,,3.62620278551257,30.6029192828833,57.7411688175191,36.87924219845162,23.5329921224251,,,53.6595798616555,24.0801998743194,0.170173666162345,79.55393626392906,70.3587487563186,,3.17354454391586,30.9419527321577,58.9032492379678,33.298596366724695,24.1715009976587,,,54.0256594922766,23.9769913211639,0.244762996696924,79.90777975473885,64.2663207365524,,3.26646617250846,30.7554607601676,60.1086289812329,29.92393360708831,23.9598537921864,,,54.4705713659572,24.5610895793575,0.18591399244294
AU,Australia,1984,1980,1,5,9,81.98049785108185,28.5069248063719,,,,85.4475664516222,34.60194911632702,26.0048331081934,,,,24.8437653371724,0.221032589176351,82.59080688395946,32.4492020340392,,,,85.3799543006555,38.029943273885245,26.9836759448146,,,,25.8093109458961,1.16035166785059,82.98220309597902,32.9677103193746,,,,85.3532409678372,40.05088342981656,28.1039671054143,,,,24.6548595318494,2.93899992450383
AZ,Azerbaijan,1984,1980,-1,2,10,,,,,,53.1190032958984,,,,,,,,,,,,,53.2208862304688,,,,,,,,,,,,,53.4095458984375,,,,,,,
BD,Bangladesh,1984,1980,-2,-2,1,13.357086145834558,16.8117271749034,,34.6986320797597,21.4305495950497,17.1288583407786,,16.4842575699599,,,41.6474498066682,6.77707755046816,-0.0029241270381417,13.489011130331637,18.2221846249994,,33.0067315667626,20.3216634239062,17.6403224651566,,15.8309437037216,,,44.4174404934751,14.5143887065615,-0.0298943959229265,13.767494698485566,17.0187425082782,,32.3691528885324,20.3790141468201,18.1241188720337,,16.1764548292232,,,45.0844194859014,15.2112378505896,0.0111899311751012
BE,Belgium,1984,1980,3,2,4,78.37265727090491,128.230735025444,,,,76.2916732112078,37.62763071926892,18.3669506893747,,,,20.1537572698695,0.467153203211123,78.6299914735469,123.876986090012,,,,76.677137980325,35.89953885902579,18.8219009903254,,,,19.8930339712173,1.21886073677275,78.91327281776303,112.327024533852,,,,77.0595057745216,28.652153240451288,18.6655534221378,,,,20.8978998795452,0.608121458920649
BF,Burkina Faso,1984,1980,-3,-1,1,8.037325532665228,39.7187056640872,,28.498839800914,19.9661319195887,10.9466819609318,35.8708522781828,14.8530527833504,,,49.4289833546775,4.45423955236005,0.114392946601086,8.883107165880169,40.9475469828696,,33.9041678089027,19.229575019983,11.4581473159859,38.19904228758303,19.1403974009873,,,43.2161046944243,1.84865350132501,-0.092109898028705,9.656385979580898,37.9617294229875,,29.3604276148032,20.7294866291817,11.8893133177795,12.334039620287502,19.1439429157191,,,45.0313582333358,0.155990776142465,0.154200993096417
BG,Bulgaria,1984,1980,4,-4,8,48.4186223031109,78.3773116646511,,15.8126229440906,59.9534588533954,65.6103744506836,,25.6124707539097,,,24.0741500873041,35.0883618716235,0.0,48.8425029855576,85.9973677186588,,11.8685822802674,62.5314079023663,64.9559933070956,,26.4234414164005,,,25.1373664301295,31.790472859584,0.0,49.50611266859404,83.5035643944016,,12.9195498463273,64.009783928561,65.2507095336914,32.339775840701,26.9897570866668,,,21.370098594577,32.4400560077621,0.0
BH,Bahrain,1984,1980,6,0,5,73.84303010152684,167.38843952925,,,,83.0301076618872,24.40017334934735,38.7478844773769,,,,51.8256610031584,3.16810320605003,72.48765888543674,168.514120007661,,,,84.0100378745224,12.282451341513962,29.6933268970806,,,,53.8972029755855,2.44028419926397,72.0943883414821,161.40219829886,,,,85.0155223735956,13.03975206753326,28.3601355886665,,,,47.6935191763746,-0.919539657022421
BI,Burundi,1984,1980,-3,-3,1,8.227790237417016,,,54.6598573254013,12.5809208689103,5.06744140132635,43.30229612211253,,,,23.6605427727615,6.32253260106117,0.120549786351135,9.664264690157506,,,55.9519709491249,11.8218760582459,5.26221718813112,34.355192255506445,,,,23.1499160608397,4.10099019388865,0.046832716873145,9.875707580876623,,,52.5195880496498,12.1288474573801,5.46041958012872,29.83855358395736,,,,25.0907063359597,1.05160931771634,0.126820029714969
BJ,Benin,1984,1980,-3,0,3,22.25714975933662,50.5113034919755,,33.3115605274576,17.0694521775889,30.5804910267167,,12.4755060533288,,,49.6189872949535,1.4277658455624,0.001088613078988,22.94598879949835,60.3012179781571,,31.5455488860391,16.702425147013,31.3771709486008,,8.74840336668087,,,51.7520259669479,-4.05600579850628,-0.008606569694271,22.812389058701125,49.2914176982042,,33.6710590159502,12.1078445244769,32.1484734822788,,12.8376893820997,,,54.2210964595729,-2.47512762316833,0.0823290421830946
BO,Bolivia,1984,1980,-3,3,10,35.52212390917775,49.4747308605253,,21.5458321339619,31.55135290394,48.7889804252647,77.467965008653,15.1768969757955,,,43.2022088868942,17.5065988474973,0.113461691106106,34.91319272292442,41.8927911934119,,19.0156279822215,32.2241219453478,50.0696435300578,94.56211227248372,14.4635966292136,,,43.4237237453411,15.6713814849033,0.185967745899762,34.15974420579767,47.0313573970904,,16.9331807919147,32.4555415788556,51.345688969385,65.65199330520436,13.3815868210307,,,44.2985060895341,9.17559142080068,0.252564614775659
BR,Brazil,1984,1980,-1,4,10,54.91962759391184,23.8300746657723,,11.8573320632089,46.6388394486218,70.8607419854387,62.8592491004633,18.7409087149633,,,43.4768842317661,12.7277422929435,0.846341838863818,55.78777942115577,20.4497665840761,,11.1453640115501,43.5300066111487,71.5960090464063,64.10614321553257,17.9178544928284,,,41.4271077410449,20.0261873755386,0.683327514048415,56.613708859746446,15.8606541452464,,10.3636386654384,42.0041415606782,72.2954563738046,60.813212103598005,19.9608396615159,,,40.6694305204324,17.9900169158617,0.134512965266612
BW,Botswana,1984,1980,4,-4,8,41.98993419770255,118.773470717855,,6.893020080072,51.6278203656001,22.6171101043958,39.67898342505384,26.3306539213556,,,31.5477483628689,32.2926042022284,5.00915423529162,42.53562133919082,117.522808175582,,5.92187463165091,56.755227610269,26.1636434752903,39.27975820651371,22.8293924892147,,,30.0525707819609,38.0537023503619,4.8091665472547,43.24985611991933,117.459589590737,,5.28678971301922,57.9387825289465,29.9864535433074,40.74881079629749,22.3642477740838,,,29.7260116932248,40.6874546218809,5.05559968962012
BY,Belarus,1984,1980,3,-3,8,,,,,,60.7963256835938,,,,,,,,,,,,,61.8150367736816,,,,,,,,,,,,,62.7989044189453,,,,,,,
CA,Canada,1984,1980,2,4,9,80.42180510907835,52.4766984280909,,,,76.218047632138,35.119912822820666,20.1597018091457,,,,24.2247600576641,1.59096403406333,81.0161570631907,52.8419465348871,,,,76.3784725109779,34.6044914302872,20.7064818499801,,,,23.8253134330746,0.343202681414642,81.19297801687027,53.0651501053871,,,,76.465781906127,34.95822860962702,21.0365911550804,,,,22.4320680553709,0.714941620101729
CD,"Congo, Dem. Rep.",1984,1980,-3,2,3,26.80224016296724,,,,,28.1000003814697,52.91430958262755,,,,,,-0.41296918234428,26.3464140276052,,,,,28.4242457661701,47.02735441714548,,,,,,0.961634330644133,26.57994937983456,,,,,28.7644881926091,51.686937667722844,,,,,,0.0685577291884824
CF,Central African Republic,1984,1980,-3,0,3,17.393991683100737,58.8956716431012,,,,36.6073218373054,32.00346574956336,12.1277374869663,,,,0.199458741573505,0.807319717531419,17.810198001226713,53.6444942027307,,,,36.7322250082822,41.03935397821811,12.3998507251412,,,,5.75660476907437,0.345905879849888,18.168924931474127,46.8090580912756,,,,36.8440311127194,31.32757206392567,12.8646303715197,,,,2.34325750616884,0.727137995053487
CG,"Congo, Rep.",1984,1980,3,-3,8,43.683144825596685,107.250912884716,,6.91704747000522,56.5884194053208,51.64425476977,,30.3912363067293,,,36.494533124674,46.395409494001,1.59321857145632,43.02101221886857,112.793572311496,,7.44743613514627,53.914297486609,52.3123299063106,,30.2843026370004,,,38.6382663782447,31.0671621343222,0.587247631196912,41.41460388872977,93.5022348876701,,12.0897031210353,32.6459898893291,52.8612816098073,34.90355512711008,29.4506275252279,,,55.2643069896356,15.6157945074464,1.21343665371882
CH,Switzerland,1984,1980,4,1,5,92.4359268006341,91.788924039816,,,,63.9592991837694,32.80800384303812,29.7663327631221,,,,31.8678083084766,0.709993860030842,92.94247756252652,92.9924625324173,,,,64.7903389946677,33.73869737560323,30.1386524531012,,,,32.4029284124488,1.14194557918635,93.15384345924144,87.0847937850284,,,,65.6368038463578,26.563513837158396,30.8999219282811,,,,32.7261574229025,1.33408104081134
CI,Cote d'Ivoire,1984,1980,-3,1,3,38.76863804532302,77.103198191928,,24.1344709782802,19.5482858396626,38.1840779398354,35.09073931510171,12.9653790589673,,,56.3172431820573,25.1714283287764,0.317760102739294,38.83926648398667,79.1725137120598,,26.5375789197823,19.7460753856026,38.3956360000261,30.36289300313348,11.771085518537,,,53.7163456946151,27.3286959471995,0.417905703334341,38.72674095918139,69.6773571637603,,28.4615445024844,21.2824299018503,38.6134964193236,40.5219260606562,11.8174755006843,,,50.2560255956653,21.3778707371043,0.77252310778488
CL,Chile,1984,1980,0,4,9,49.14789917785177,46.5452855937421,,7.03812743981795,37.7862494882812,82.5795301526956,45.68589731916014,15.3860767019267,,,48.536868034185,18.0686727588223,0.390496027028549,49.46245549844805,49.9748666790811,,7.37883164165532,38.8062743473158,82.6965460762869,48.915984389411086,16.5072700573698,,,49.5599861118675,21.1437955972515,0.804636788479208,50.05669402065433,51.2383592683791,,8.43538238536869,34.8077951769043,82.7971058945277,45.542760794205705,16.8549246484864,,,50.8494245563192,23.1661730262744,1.6434159267914
CM,Cameroon,1984,1980,0,-3,2,35.133179391795856,64.4720202512472,,21.9718307191695,34.641627415405,35.7363485824943,41.65545791234123,19.3802809290838,,,35.8262916146385,28.5949951602849,0.241627538464361,35.89695344502151,65.0245883756553,,20.5905290277908,34.3180417526677,36.5093502490097,39.62311104945475,17.1899684615545,,,40.5484220970366,26.6710688912076,3.70083163693805,36.463145879556,46.0058070249231,,21.6296279504288,32.4863427042506,37.2568415894637,38.9993446273532,24.7957183414275,,,42.601758577809,26.0118081268275,-0.76494667807891
CN,China,1984,1980,0,-4,2,18.62554953293695,18.9963398130909,,31.4795879134441,42.8491719516209,23.0142688751221,,29.2651676361692,,,25.6719324227963,34.1698206351818,0.483023421644452,20.42450667641853,20.6743372843961,,27.8824106473305,42.6328942507048,23.7069091796875,,30.3746507037155,,,29.4847464320583,34.8643578801874,0.535049748242083,21.55570896444268,19.8450541369327,,26.5896908592427,43.4347042423426,24.5249156951904,,30.9028394412806,,,29.9753732491919,35.0671463752501,0.622282399569032
CO,Colombia,1984,1980,-1,3,10,45.58918492369488,24.348750085568,,17.4089297678982,33.2622860023274,66.5991760816223,44.17984367560332,16.9699143075841,,,49.8253895156958,18.3858046395463,1.52667282755931,45.732938370188975,26.3331012832964,,16.9906943035106,34.603714988855,67.080718624805,47.11065564367377,17.5289268796707,,,48.1553230311709,20.3233543762509,2.9317015543862,46.308221014827325,30.8306359086594,,17.4769253071175,36.1739528070011,67.5710912301344,45.29991498622369,17.7389776834146,,,45.5796118890576,24.8450196200447,1.9288837346618
CR,Costa Rica,1984,1980,-1,2,10,54.25883225229832,68.3535272794641,,21.2079069559152,29.4518955480891,44.3652296687604,42.005444197491855,20.0468803006425,,,49.3401974959957,23.1099270048813,1.52712302042379,53.93436339145883,63.1993362968233,,18.8666318377444,28.8675008766177,44.8730350473926,43.66664962182452,19.3208562256025,,,52.2658672856379,24.1362410430892,1.78352544818659,54.36286224701804,61.8362125287889,,20.8977395912796,27.6229188743743,45.4678195748098,41.93818196274516,18.6646243216685,,,51.4793415343462,26.0555123645821,1.3804078444541
CY,Cyprus,1984,1980,2,1,9,67.30495710532762,121.758629672952,,8.94272275453192,29.0264684834083,64.6460933767473,37.25089363531167,30.8434259979186,,,,22.2222231947127,2.31258810295948,67.87312288639045,107.569824976944,,7.48886905420959,28.4914304866532,65.1941015208215,36.11442119028695,27.1893123966728,,,,22.1225267219303,2.38454368815385,68.27150355167659,93.4599276130589,,7.32712682338318,27.5907322779951,65.6841642936538,28.39221489490909,23.9865097064307,,,,24.7235915621687,1.49864870165437
CZ,Czechia,1984,1980,5,0,5,,,,,,75.4507619753134,,,,,,,,,,,,,75.4225887798231,,,,,,,,,,,,,75.3893413563594,,,,,,,
DE,Germany,1984,1980,3,4,4,78.32300844049564,46.0675396820961,,,,79.9667748217206,31.70040907824967,23.1064362491496,,,,20.5965711165522,0.0811611119154106,78.72692344588974,47.7335836710439,,,,79.9762525443865,30.88993790322222,22.5967621079444,,,,21.2880511326992,0.0722381533959734,79.08141368347094,42.7811833269648,,,,79.9848477297039,21.30464780503533,22.4742403611611,,,,22.8673099102186,0.113516138662449
DK,Denmark,1984,1980,2,4,9,83.62673763594651,71.1932758799528,,4.67206470866529,22.5106798375204,84.4201285728692,37.57384391238902,19.0741414255665,,,59.1362822257573,22.3562887485067,-0.0260865149259739,84.2712490311351,72.3252333601635,,4.23329294080071,22.7282122862489,84.5521668473999,35.645601071424984,20.7338253592482,,,58.9722713588191,22.9474609937252,0.177900897607028,84.98974196159014,65.041031399129,,3.89189336921901,22.6102092909388,84.6637163659945,34.14993883728669,22.6545514348354,,,58.2981137329074,23.6592834443466,0.186061275024497
DO,Dominican Republic,1984,1980,-2,2,10,43.167923009817336,51.7434972744523,,16.517164912886,24.3099066586165,53.399614337093,45.79297382388039,17.5892301104019,,,40.5244048645851,9.60112120924616,0.590822839399689,42.46907420678537,56.9971149804481,,13.1004082334509,17.3799733597422,53.6993945633686,51.84444240167091,17.0834335490199,,,59.43076781006,12.7008352099759,0.717601864754359,42.67630912051701,49.4260827751438,,17.3671452754953,22.7809794158835,53.9649293760952,38.88316204537512,19.2835269308857,,,49.871489873852,16.0248968938231,0.81670940964079
DZ,Algeria,1984,1980,3,-2,7,48.83407145840666,53.1763836889134,,,,46.8809007601478,39.29825202338077,33.4828097765444,,,,33.4080715487107,0.0014947682937207,48.87072921572479,50.3261206307911,,,,47.9115086714672,41.07873364026264,32.4407822097611,,,,31.4109216075666,0.0006865773736563,48.407667224027584,36.026710569926,,,,48.8715285187873,42.25420496495168,34.4574270575612,,,,23.238736469965,0.0083472456802146
EC,Ecuador,1984,1980,-2,2,10,48.05495721092534,33.05830053321,,18.6133403784386,29.526825192577,50.5551420381965,49.040588631771,12.8459511862231,,,48.3660060736821,20.4763751561131,0.295639161099283,48.26104455129636,35.7173093974088,,18.8789498131776,29.4952171050321,51.3755649277394,48.22648476805573,13.5520627477922,,,47.762348641032,22.5970391008066,0.361535251936395,48.40746279307086,33.1106044808965,,20.8114914655921,27.1639087535131,52.1784349561663,46.77757296017635,15.3131192712155,,,47.2616522209112,21.7170496020626,0.528922995873142
EG,"Egypt, Arab Rep.",1984,1980,0,-1,10,35.52800122310399,52.5316455696203,,18.1075949367089,28.7658227848101,43.9545579634636,44.56347768161413,29.2886075949367,,,48.3164556962025,18.9873417721519,2.14635660163926,35.952593699131526,46.112600536193,,17.1045576407507,29.5951742627346,43.9621602748655,42.09982524289326,28.788471849866,,,48.8445040214477,20.1072386058981,3.01527740329376,36.23682541486692,36.0544217687075,,17.390022675737,27.8866213151927,43.9656842703086,47.04086823956711,29.7528344671202,,,48.6757369614512,21.0884353741497,2.95109102688694
ES,Spain,1984,1980,1,4,9,70.2712295991517,41.5938348404492,,,,73.1410701636301,41.59721016651194,19.9823817060631,,,,21.6653513036345,1.03025351456358,70.58040169980542,40.9180792623493,,,,73.4842722981117,39.86760237521088,20.5204803550159,,,,21.6677768153108,1.08920479535639,71.04478972728485,35.3920090023813,,,,73.8040123770958,39.85224266786403,21.0654661283922,,,,22.6479935527566,1.37396544143913
ET,Ethiopia,1984,1980,-3,-2,1,6.746583731881245,,,46.7322626178872,9.89556406734919,11.2015259613264,39.54882016778803,,,,34.6824055388874,,0.0,4.405718700754379,,,51.2985216596386,8.95073151295085,11.4297619796544,45.385856437257495,,,,32.3972153755491,,0.0,5.40823657682897,,,49.745196243487,9.4679603051477,11.67893537982,3.875243309667007,,,,33.039837883825,,0.0
FI,Finland,1984,1980,4,0,5,78.83855032534652,56.6183900303132,,7.2452378279256,32.0553123011863,63.3598670959473,38.35518016353109,26.3313498746304,,,49.0775045844093,29.2541446802141,0.257579189728463,79.32837989850104,55.3267496779734,,6.88020609703736,30.9351653069987,63.4717712402344,36.31781487697028,26.6620867325032,,,50.2773722627737,28.211249463289,0.201429071257034,79.71122399179919,49.9968089858957,,6.55912949135235,30.1327461867381,63.590274810791,32.81216880981073,26.1407875422809,,,51.1088774012381,27.8974408066884,0.551352730210367
FR,France,1984,1980,1,5,9,77.59341815499519,49.4016956923205,,3.16593850567096,25.5372144092818,73.487468496869,38.91421112256344,21.4770395906001,,,60.2437105603287,21.8223138493262,0.456730858975029,77.7625271940355,48.8838798836634,,3.15221803900914,25.3875453201799,73.5623571560102,37.07129528788558,21.2857063384416,,,60.2329587652233,21.2200832115657,0.474304324785623,78.05854178659558,42.5039101426742,,3.05818780099865,25.2533746453386,73.6440191686816,31.995436522979254,21.2744446594564,,,60.7715470125247,22.0724443303767,0.425633765361723
GA,Gabon,1984,1980,3,-4,8,62.75497800379743,99.2931499807223,,6.1046138028531,59.6966970826372,61.2279002198546,37.100658778947896,31.300604035471,,,34.1986891145097,51.8570877779206,0.228119779059395,61.93763959289312,119.853382205931,,6.75108297234255,66.5278240586471,62.4676665654336,38.62517414503955,40.8730423192269,,,26.7210929690103,47.2842385871376,0.451849383828874,61.366933114010735,89.8956477475185,,9.24493085602783,47.5006362942224,63.7079719735395,37.56810065561891,46.1016373971324,,,43.2544328497497,26.851616187325,3.239161792578
GB,United Kingdom,1984,1980,2,4,9,78.1864746974921,55.4082940861114,,,,78.4775775496664,36.01954001056385,22.1586157500014,,,,13.5716538020326,-0.0752615937834715,78.7158839737022,54.950881440311,,,,78.4080567918043,37.33807722272171,22.1728231532507,,,,14.641447760137,1.11928039047476,79.30819043275648,50.5278201169357,,,,78.3338976324727,33.72513251194513,21.9932024732459,,,,12.7070960807778,1.42482066983063
GE,Georgia,1984,1980,2,-4,7,50.768522258813306,,,24.1941222514766,33.4448160535117,53.6521606445312,,,,,35.579591546289,35.2451433857539,,51.39986630639008,,,24.1494424319909,36.9344413665743,54.0060501098633,,,,,31.9624973364586,31.1030612969671,,49.89323192477364,,,24.7867609535613,34.2640519063935,54.4002113342285,,,,,34.2640519063935,29.2848290442517,
GH,Ghana,1984,1980,-3,-3,1,21.89894287524561,18.8146111228152,,49.2428694453377,10.5820868491763,32.1104883606371,50.83704593391817,6.85279844471302,,,35.048658158419,4.15026555933782,0.0453280406266979,22.349422554069232,24.243837597071,,44.8925514796763,16.6766749842588,32.522407144245,40.95895876491381,9.52957020591871,,,31.1233413399874,6.63493155476785,0.124325458827919,22.808208397908352,36.7116874888784,,47.775389964274,17.1531483614363,33.0272759758795,47.25545338184848,9.29559067097125,,,34.5475984223484,5.80238681405494,0.0749693484267481
GM,"Gambia, The",1984,1980,-4,1,3,20.845274004646487,115.914128382631,,28.0050346129641,16.6456891126495,31.7741376923283,46.47240402485345,18.313404657017,,,55.3492762743864,4.6491504090623,-0.95860582127124,20.083274850381056,97.7814665225553,,26.3780647363331,13.6469651288469,32.4540605630479,45.09396096022567,15.0861823766995,,,59.97497013482,5.03442744183401,-0.221507139200182,20.08313424901643,102.722471997511,,28.8114499066584,11.3176726820162,33.0504584367687,53.51825646701969,16.5992532669571,,,59.8708774113255,7.12508556316117,-1.07192690494711
GN,Guinea,1984,1980,-1,-3,2,15.564215131036722,,,,,26.466799138267,,,,,,,0.0037999082835424,15.968889995084377,,,,,26.7973899426865,,,,,,,0.0048710607048029,16.06434459727056,40.5770272469583,,16.3140255567812,23.5759393067974,27.1085339065344,,10.2381428331143,,,28.2893446642682,43.7220577442882,0.288746084714818
GR,Greece,1984,1980,1,4,9,69.56498295685427,39.849292234659,,,,70.4728797155812,45.14845966272687,23.0503846696489,,,,20.7254746365732,1.02424079534783,69.89939398984488,39.3349501695826,,,,70.6719098710672,45.48141318158935,24.7603967764711,,,,21.0273038896262,0.947922748071888,69.92908128550269,41.5642782798199,,,,70.856378822477,46.77282678580143,25.7438752071109,,,,21.3046425025272,0.847191700685449
GT,Guatemala,1984,1980,-3,1,3,43.300616329607664,28.1531148030294,,25.626271112711,19.7562637829328,32.870104251726,33.68869178506271,9.63463558991937,,,54.6174661603224,9.42344023840084,0.401267155213652,42.75012826978182,24.9322455919306,,25.8514989029553,19.6696197610857,32.9781544417959,45.23913569703392,10.956269832076,,,54.478881335959,10.4616303407153,0.635694421557388,42.32855879713846,30.6440192534157,,25.6105030584007,20.0904715236111,33.1128572448268,50.29993574285058,10.0593508646335,,,54.2990254179882,11.7925280225248,0.951332232912412
GW,Guinea-Bissau,1984,1980,-2,-3,1,15.623351495714946,64.6826228763546,,41.3173435787015,14.371265186581,22.4767688878607,,37.7245564040505,,,44.3113912347175,-0.155688577172785,0.636145585380264,16.02171683419783,67.467524669876,,46.4873822362727,15.6406087919984,24.1764412768385,,35.1001404637052,,,37.8720089717289,-22.5007533041345,0.38506876902922,15.639107087826453,37.0703241436613,,45.2492156997977,19.803346036789,25.9064592208868,,23.7796404356326,,,34.9474382634133,-2.82023224818279,0.242227858780226
HK,"Hong Kong SAR, China",1984,1980,6,0,5,70.46467412559907,199.911447677792,,,,92.5123372731306,39.737617525547385,22.2029680295582,,,,32.4204555864301,3.84269326671349,70.41347080238437,197.800293390094,,,,92.8215203265498,33.855738200729206,20.9719985042858,,,,31.5394350802508,-0.748521922379866,71.8918259423149,200.307308322284,,,,93.3278344372433,33.64983375740928,21.503470868107,,,,32.535995632166,4.59718890895098
HN,Honduras,1984,1980,-2,0,3,9.706297342786678,70.5340082880468,,18.9930271222611,24.4460160301744,37.3155334631478,35.71003637950868,17.7274870344177,,,49.111640487357,12.0710191319884,0.507456760713665,9.97259661068097,67.4826144213664,,18.7417692858628,23.2123466487998,37.8644269624458,33.611123256841026,16.0802162511841,,,49.7608760945406,13.1818496869441,0.635353371993623,10.376562821213708,66.7835362614479,,19.4056649879943,22.5218333652069,38.4070775937334,35.18934447146166,12.9534009052081,,,50.5684112109815,13.6663054333737,0.637470516988589
HT,Haiti,1984,1980,0,-3,2,36.80541629852571,,,,,20.9263676988077,37.69070693258573,,,,,,0.245567668779411,36.58424947019788,,,,,21.2507708625418,41.18986135195636,,,,,,0.244849208719021,36.18399610173182,,,,,21.6859466012783,33.46335154630917,,,,,,0.207937877480587
HU,Hungary,1984,1980,2,-1,7,60.36956975435,,,,,59.1109531827963,39.590156427026464,,,,,,0.0,60.35812442055882,,,,,59.4188158198149,38.23437935892525,,,,,,0.0,60.62911378057706,,,,,59.7298883576261,36.43651562611897,,,,,,0.0
ID,Indonesia,1984,1980,0,-3,2,29.486520570105927,50.1106199773017,,23.456098917004,40.3901450580554,25.150523426766,41.06039990045359,22.7931142223059,,,39.4049150649935,27.6472980237735,0.261626776354664,29.533878046464864,44.7183723110447,,23.767641320597,36.7098673153098,25.9911933055087,35.70756591639399,23.2691235715915,,,41.9253110193326,27.5750415959325,0.36346800280403,30.12444445977689,41.0095381677863,,24.2534416295532,33.7882060618708,26.8624898876605,37.061762024342535,25.5509971632215,,,42.0916487153558,24.791239825288,0.322685251406443
IE,Ireland,1984,1980,2,1,9,72.91106824900308,108.305451449603,,,,56.1482789000872,39.73809048907376,21.1778679916145,,,,19.7383229804804,0.603581448557054,73.3716413227212,107.761354686115,,,,56.2871472116201,36.56281680774967,18.809522178026,,,,19.1161954672685,0.76944004451248,73.29569943081903,97.1254696887663,,,,56.4242497997356,34.39165505892589,17.7658703225347,,,,18.5550323361409,0.871659712656952
IL,Israel,1984,1980,-1,4,10,74.16475441356367,70.2762799363961,,,,89.7303446217827,67.9639375549641,20.6424008030415,,,,18.3790470870881,0.292048381173472,74.5157491463244,75.6682769347529,,,,89.8757977781482,66.46530071625207,18.4581478916335,,,,17.7827404839059,0.388504200603383,74.92491893978348,66.3079343492131,,,,90.0082456055114,52.21966371409471,18.0110514725843,,,,18.76013839954,0.400176871774916
IN,India,1984,1980,-1,-3,2,13.494820871944013,14.0093759441289,,31.3805304117853,26.7391386534274,24.4606633455594,39.46779261291766,20.8504284661898,,,35.4208160849618,15.0394742069002,0.0090687280601598,13.941789978358306,12.9000361941487,,29.7181383564993,26.6290712211673,24.654828858249,36.75459935054711,21.8032977678815,,,36.1149997720489,16.0908916895652,0.0456278399036275,14.318985805044726,12.2192718993726,,28.6411462697276,26.7308358205169,24.8404751816147,39.80068996407381,22.9009149864675,,,36.9884678356446,15.2906237156776,0.0472837841556693
IQ,Iraq,1984,1980,-1,4,10,39.88667204839563,55.3278491364795,,13.3455662536338,44.8893195609894,69.1267316673506,,30.4682184607138,,,46.7194469070642,12.0033812341505,-0.0058566136802534,39.7328267794045,54.9614303414647,,14.3906793322586,43.8208609227408,69.6568282403037,,28.6514608507974,,,45.5928003304067,16.5289971888781,-0.0023954487070171,40.065925119351405,42.9388479388479,,14.8355173355173,37.7491127491128,70.0249004069035,,26.3390663390663,,,52.6501501501502,6.83524433524433,0.0019422604422604
IR,"Iran, Islamic Rep.",1984,1980,0,-1,10,47.99343252021704,27.9341376101748,,12.3078856376355,34.4398184667695,52.8414649963379,42.350900944083634,39.4353245684939,,,50.6955130027881,19.2693823117524,0.0263069142834971,47.70179381995492,23.1723911405475,,12.7705211481195,30.5554457327572,53.5651817321777,35.241953469470374,32.8785264839619,,,53.8600388888472,17.0802634104708,-0.0211728446056716,45.46406282236877,14.1448539041301,,15.2280294509587,24.9097403321323,54.1512307839486,45.1374220644384,29.9697871367004,,,57.0135547083137,13.0363888594234,-0.0537747127491272
IT,Italy,1984,1980,1,5,9,76.91603173047875,42.3380867149025,,,,66.8645181676116,41.28575269598792,23.3628058600383,,,,23.24137438801,0.299200696000769,77.35290519008369,42.539111003159,,,,66.838537979828,40.16946935080574,22.9327174468898,,,,23.1163481986647,0.235365520148509,77.80315866788852,36.0801894012968,,,,66.8093932934176,37.06275857692245,22.1353142395115,,,,23.4158269426402,-0.0238376159388179
JO,Jordan,1984,1980,1,2,9,51.11457182829168,118.625962193015,,5.11598680421009,25.0248730167042,65.6984901777058,34.42424807220177,27.5854846310939,,,62.3082159501492,-10.556631931717,1.56000207743872,49.94448656896988,115.91393484218,,4.91728407591596,22.0744950776413,67.3843068595316,32.91253449661218,19.5270475997158,,,64.5590175581041,-15.5434892926012,0.499617908099627,50.06436514838042,81.83887525106,,5.10153983485829,22.994867217139,69.0784363885541,,18.272706985048,,,60.098192367775,-5.40058022762776,0.355420633365062
JP,Japan,1984,1980,4,0,5,76.06951599766934,25.803500930353,,,,76.5743728196347,31.366616447016497,30.8595035531102,,,,33.7188219115345,-0.0007430389321774,76.7742657631096,24.1112612306927,,,,76.6930644715793,30.80400591797541,30.5901991008689,,,,34.3537939566146,0.042656252379914,77.20759474361604,17.7990915149376,,,,76.81341381908,25.849323142223277,30.6351586350164,,,,34.7614911828695,0.0114197259705999
KE,Kenya,1984,1980,-1,-2,2,29.57360280279693,58.8038975780625,,29.5098977394204,16.4291493076177,17.0395266199639,40.944377371043615,17.1532429579595,,,,18.3933233679879,0.173683868473434,29.664478436596227,55.4454345531665,,28.6062318225284,16.7407322173242,17.2908427661806,42.61220225471168,17.2714251137766,,,,24.297362605097,0.470183996306104,30.200685772740737,55.7413855927369,,28.7775774262261,16.1804594237027,17.5202334517811,31.986162843327893,19.6359277440359,,,,21.7581614878912,0.452068028927285
KG,Kyrgyz Republic,1984,1980,-2,0,3,,,,,,38.2453164336881,,,,,,,,,,,,,38.2294534439799,,,,,,,,27.04390556045388,,,,,38.2111925535269,,,,,,,
KR,"Korea, Rep.",1984,1980,3,-2,7,54.562081741278114,55.9989452185313,,11.591774694698,34.1949455071036,63.149438472478,31.395763145371863,29.3711860569831,,,43.8909744041355,33.574515086609,0.223860445620294,55.62674276860604,51.3271375876469,,11.459729499208,33.6879825426188,64.7952808591987,31.820273104180146,29.1591435249288,,,45.0038215713858,34.1155554570932,0.342410698184477,57.20951446666809,58.4215727531928,,10.1421823357243,34.6200511610533,66.5771098057876,32.443318143844564,29.0941845675189,,,45.605114213978,37.1213632860338,0.568911377423885
KW,Kuwait,1984,1980,4,3,4,74.48730565197495,104.754095678841,,,,97.7431429295846,28.248581749421547,21.1528556954451,,,,36.495982400316,-0.0277879124639923,73.15646940989367,96.4195015767588,,,,97.9080673156669,29.28457141998538,19.7956880219041,,,,29.7844600104807,0.0338058842407836,73.8237686549598,94.199098068142,,,,97.9303458074497,27.411459682552685,21.6607952560404,,,,20.2838431594435,-0.0811550950754611
KZ,Kazakhstan,1984,1980,1,1,9,,,,,,56.0366431228003,,,,,,,,,,,,,56.4606819710519,,,,,,,,,,,,,56.8143228907444,,,,,,,
LK,Sri Lanka,1984,1980,0,-2,2,29.367726280309835,63.5476695328659,,28.8564893174457,26.4969513275142,20.6843591593567,44.391240663183055,25.7294498718666,,,44.6465876822812,19.0717156869122,0.539629797470405,30.04256355935193,63.9772132409546,,28.0574636126251,26.5476366682063,20.3229060427251,29.25619214298717,23.684064665127,,,45.3948930820631,16.7171054657429,0.437605602559793,30.533209033412323,59.0475500629618,,27.4549968067798,26.955478500507,19.9227493054853,39.17879670801043,23.5833602638822,,,45.5895307063976,16.7482197978537,0.464045944529907
LS,Lesotho,1984,1980,-4,1,3,14.400551695796285,,,15.2138507416044,13.526922310836,11.2641385626898,41.40866418429777,,,,64.6741146189274,,0.724798140929475,14.359354838353507,,,16.0297804134636,12.8518522477788,11.2769857975165,42.783424800223,,,,64.6829037055646,,1.82205628370903,14.68574343793685,,,15.8366086711025,14.0077905390558,11.3025176541181,44.9671407038993,,,,61.0074750031464,,0.706967565087535
MA,Morocco,1984,1980,0,-1,10,31.997653386344904,60.3626795175262,,12.1231708808284,30.8340797104011,43.987621307373,42.29791724435263,25.2796517712499,,,47.5275274122662,22.0185441692641,0.316966266628329,32.548692737589505,59.3150746324922,,13.2909327287831,30.2080012935139,44.7014083862305,38.96284300671709,25.2110864279585,,,46.7304756980145,22.3893220985559,0.133245210382206,33.61714862702346,50.2806035838223,,15.7051106574687,27.3992711013127,45.4191665649414,39.80373367126193,23.4811583352601,,,45.7727310015655,20.9662675049593,0.0028218070204728
MG,Madagascar,1984,1980,-1,-3,2,17.20865835187759,23.2646708187183,,,,19.9158144973288,40.64636305015104,26.8216361350768,,,,25.0565143712856,0.219409497665986,16.928048786929505,22.4393195722776,,,,20.2574293943438,41.1284374752241,18.7639055880811,,,,16.1141932061064,-0.0047336557384897,16.77954753482952,21.5430177802665,,,,20.5938496984833,43.392682386206936,20.5055813794194,,,,18.6531555604044,0.32290783981255
ML,Mali,1984,1980,-3,-2,1,16.9486982436335,47.8057299956105,,33.2219906245493,9.40518674566469,15.201914436852,,15.8396712328715,,,51.5238352644382,-0.873426324405521,0.725578517015306,18.610671803144665,51.7785569314836,,38.1505866552094,8.93374578263125,15.4719630816351,,15.8577853759389,,,47.5458481185235,-9.13291129173755,0.181493000577378,18.191772463448668,43.1057226560103,,37.1907718182775,9.6501671740032,15.7323419951734,,18.2711294810325,,,47.4114056830933,-0.289376812228648,-0.392608655349389
MN,Mongolia,1984,1980,2,-4,7,34.30116450462591,94.2512407238152,,17.2009290741192,26.9718119670777,55.2742854452647,,53.957504917487,,,,21.9091482553344,0.0,34.792382743574855,94.9363378566431,,16.4007032728788,27.1775628643235,55.9063106917116,,58.6172966248804,,,,21.3152256113148,0.0,35.81950765707691,111.57131685444,,18.6695283069879,28.2757317267904,56.4275897738825,,59.6074452860105,,,,13.661780512037,0.0048339555823474
MR,Mauritania,1984,1980,2,-4,7,32.747280045231435,86.6494944359305,,21.0645434728197,25.3809351307069,36.248990448288,,44.1125424109673,,,45.986132217113,-3.70621701904433,0.793597612275074,32.75771100270831,103.285903291031,,16.5013235635236,32.5835940525723,37.6877788005462,,53.6774156749723,,,42.9701660503317,6.46392477436947,0.691209995208202,33.185924733021146,99.2900625902412,,19.6513678509434,31.1048899953509,38.7782415879134,38.69725456157037,56.7389052378703,,,41.7399721400301,6.92566443275227,0.378446603010545
MU,Mauritius,1984,1980,1,-1,9,42.22252405966085,99.3517308494726,,11.9285292727495,21.9056171206943,41.8205833667794,38.65673101733408,17.8309524555212,,,48.9646887083022,19.7710208590883,0.467246527064558,43.16737989394011,107.500725256864,,12.6055807633429,24.0830125181906,42.1343581180541,37.993953251334894,18.406641717552,,,45.7256606022154,22.6149156435951,0.730328026584982,44.53230599410957,112.826073234371,,12.571847812229,26.015210173991,42.5641536016112,29.713467105300538,19.4838597568011,,,43.8061278748027,29.5375477998258,0.500870418368029
MX,Mexico,1984,1980,0,4,9,60.36015367315129,25.6724173446434,,6.4220113089397,28.6308924337623,68.6024784488432,54.62638267423053,17.1001568319677,,,58.8177586078809,31.0730471628861,0.836993805669309,60.33330948633897,24.3312923896659,,6.53972544325482,28.2388188227285,69.1303783227099,53.67593862060639,18.0417580456071,,,57.9554586336838,30.3140012622437,1.01617964153906,59.36644725825608,29.6062225899787,,6.80768493803202,28.6984463095559,69.6387724260466,56.726518545467165,18.7258655481456,,,58.4686256423265,25.3902193073817,1.78364352504343
MY,Malaysia,1984,1980,2,-2,7,47.48461015447763,106.629792583281,,20.3456944060339,39.2333982401006,38.9894740505336,34.50312015412613,31.9182903834067,,,,35.468258956631,2.34946607947751,46.79381606931069,104.683103136698,,20.2814785078095,39.2342579062863,40.5990009237275,24.539308062984095,29.8489737963082,,,,32.7133083774364,2.22666868667977,46.46673968283694,106.497751208202,,20.1845026119507,39.2336373159762,42.2914970657996,26.50462232288853,26.3499734614633,,,,32.0809006341314,1.76271777377718
NE,Niger,1984,1980,-3,-1,1,14.175599933689131,49.8757152725003,,35.7713392024181,21.5974935956618,14.633719659644,39.5053921105267,9.81989005820097,,,42.6311672019201,-0.899367798289094,0.0989819872245542,14.889477083642891,53.5266371830812,,36.7428931027028,20.9208901806928,14.8233957904964,17.19630786734961,9.91965409845741,,,42.3362167166044,0.609915406709585,-0.651267015225408,15.393558039287706,40.6922950191672,,34.7285399427785,21.8380322636208,14.9930160141848,11.155736319306117,8.93236243779905,,,43.4334277936007,10.9269189521694,-0.651652986812857
NL,Netherlands,1984,1980,4,2,4,79.31089075626635,110.639752105287,,3.78379696982182,29.0252747146232,67.3599259873107,33.50240311558851,20.4488891426632,,,60.0729619676156,27.9243332578587,1.19128858664823,79.64383525742275,114.574086243885,,3.80493085181904,29.2065171628429,67.6199041976798,31.35944613670164,21.1942471505583,,,60.0395607110219,27.2486143934149,1.04446219147523,79.99481947663392,97.2090454633133,,3.9287473115015,26.9984990641955,67.9703519560553,22.861519692226054,21.7688305783834,,,61.9686569656111,27.7160879410307,1.55552990021535
NO,Norway,1984,1980,4,0,5,87.42752539494548,74.6202264228429,,3.07096346197131,36.554416114167,71.1998600765354,37.4967187931237,27.519023230652,,,49.4260453398514,36.2704990858582,-0.285861781465399,88.24427110999335,75.6473127762704,,2.85952041422328,35.6965302399351,71.284608126358,36.93884967627735,25.9815932375774,,,49.4464813425272,34.7196489343921,-0.648495093577901,88.8211473903781,69.7050413120884,,3.12865175490452,29.0842945325066,71.3678334330429,38.45858608944847,28.8093388691074,,,53.9176026615708,29.5068670176934,1.29454536455034
NP,Nepal,1984,1980,-3,-3,1,10.51574661702888,30.1015498119166,,57.2988091284318,11.8329533041294,17.1130217092164,32.63798721386112,17.5349072297897,,,24.8108627146427,9.86544805480841,0.0368044816736236,11.106478364785676,31.5287854720302,,48.8580260163998,14.2725282273644,17.5300089161139,39.24409466854904,20.8431717683424,,,31.3506203580475,14.0857759842013,0.0248099750998154,11.467269791421218,31.9650419926782,,48.6971502404709,14.9989232646615,17.9240953688132,45.36053359180565,18.1681142775106,,,30.9076878903166,11.6237168903883,0.0410413662610514
NZ,New Zealand,1984,1980,4,0,5,78.71731253390482,66.1983965537872,,8.3115950700012,35.8214670336245,83.6888703735019,37.4462868914614,26.3587411750628,,,54.2275936340792,25.3416297714491,0.536388549444195,78.87482956100379,60.7432278389189,,7.30377831664905,33.6898174055421,83.7629300087305,43.837854660241774,27.3497896329458,,,57.6861696615474,23.7953118199341,0.913162316622756,79.30587525429907,52.7703483857609,,5.94964885338119,31.408210101289,83.8715588762557,42.72531984966396,24.0936621054993,,,58.7786654702949,25.610408434421,1.27238137382041
OM,Oman,1984,1980,5,-2,8,72.65702300820813,87.8597886376317,,2.92100167383242,59.0928484689356,62.8693893633721,,,,,,42.6794446814795,1.79198270460135,73.78700334924196,87.0106191443797,,2.77207103133977,59.289908830982,64.4917538746647,,,,,,40.2847287330284,1.61173649734472,73.07647012958954,80.1729928093436,,3.42781558323567,51.3493243968501,65.9813889458485,,,,,,30.3356389056854,1.91585980546657
PA,Panama,1984,1980,2,2,9,53.756725959797095,91.8770280450338,,6.75708949226226,23.3918364903921,51.0920195298521,29.56547085277956,13.496510674546,,,66.8657522670706,15.4343207786554,0.359026527710031,54.159853065755,94.0595722053528,,6.86477606242136,25.7710676931503,51.4847021037978,27.69460141761993,13.7820567647832,,,64.2822381370829,15.743062110164,1.02881333139066,54.35839833337453,97.3274590898378,,7.33706185420056,24.9314509612488,51.9039542580588,21.747777717080115,15.1958634119085,,,64.2867650405478,18.6034766779101,1.85500258302858
PE,Peru,1984,1980,-1,4,10,46.07695188023162,39.1900613100916,,,,66.588333745864,58.60029384085602,21.4525521181252,,,,27.7262700717167,-0.505670314627285,46.01309292441778,44.8787094814746,,,,67.0045034067093,61.61669562028377,18.9845742920799,,,,29.1188433642977,0.0066318552294144,47.07685992320287,34.5163316153516,,,,67.4053083372768,55.95377810884244,19.5518373093075,,,,21.0521117516499,0.100642977854445
PH,Philippines,1984,1980,0,-3,2,35.13908470443125,34.8239843526748,,21.6852969541723,41.8242290685801,34.643010807029,52.63561480110035,,,,36.4904739772476,26.8178130205815,0.0251887860094292,33.56570071501841,32.8405218386658,,21.5944650234403,38.8370213887423,34.8522249019252,46.80094146789018,,,,39.5685135878174,20.894788278289,0.0343234835054566,33.708055044587695,34.7400067891545,,21.0293839086533,38.3049496541844,35.0672148782642,28.14396046930755,,,,40.6656664386056,21.086658872346,0.373670007358609
PK,Pakistan,1984,1980,-2,-1,3,23.38947964260938,33.3626328602532,,24.9045978818586,20.2435910262457,29.2322435401049,37.35526978440235,16.4868199770368,,,44.0245639611055,7.69743831615857,0.1781923494967,24.053157274822667,33.1707461712947,,25.6891245920319,20.2297117272433,29.498826604215,36.82304747517486,16.504044205635,,,44.1071507994163,6.28710365408116,0.421864139271513,24.36913463554638,32.4067307767058,,25.032651030451,21.1557298671414,29.7596052370187,33.86127038091064,17.0144908382763,,,44.4413564170936,10.9493675806364,0.33145270892202
PL,Poland,1984,1980,-1,2,10,,,,,,60.051470605614,43.83002188559104,,,,,,,,,,,,60.4198108078166,41.74717363018976,,,,,,,,,,,,60.7310600195075,44.35251889266312,,,,,,
PT,Portugal,1984,1980,-1,2,10,64.69013576785801,64.4120956691972,,,,43.8635463083987,48.32986209884647,25.2328737649247,,,,16.6641694943365,0.786032725358159,65.0893269103752,61.5163983775733,,,,44.5176668712215,45.53694458678603,23.3291206937512,,,,18.9329995042464,1.01061383736377,65.72390790781728,54.0200662667425,,,,45.1700998776134,42.23092695190141,23.6602774212003,,,,21.8707820313441,0.614648795347915
PY,Paraguay,1984,1980,-2,2,10,46.48865859148971,41.1262539124212,,26.417788143677,25.9370694336855,44.2836907378064,45.85104843272046,20.8680919192965,,,42.6831104321469,17.9224219691385,0.115492347693665,46.74469464998728,54.208623583498,,25.5479901634897,26.1629643510823,45.1884664611965,47.44781421843741,19.3213399980431,,,43.2060299662855,20.7283866861546,0.0213255392459299,47.06700212975509,67.1355549237912,,22.7074841520746,27.3930554178787,46.1489095256024,49.1648469416628,21.2596308022612,,,44.6170044786707,24.3396084883711,0.0161117340472993
RO,Romania,1984,1980,1,-1,9,,,,,,52.034508716409,,,,,,,,,,,,,52.545715533138,,,,,,,,,,,,,53.0086075330978,,,,,,,
RU,Russian Federation,1984,1980,3,-1,7,,,,,,71.6379089355469,,,,,,,,,,,,,72.0318222045898,,,,,,,,,,,,,72.4661331176758,,,,,,,
RW,Rwanda,1984,1980,-3,-2,1,11.868547930746514,32.2956929713099,,40.8375264342653,23.2381802163247,4.98062470896321,36.53148362108466,15.4998704985862,,,35.92429334941,8.77374991766911,0.949343315400934,12.018029797606832,30.6698953489646,,41.8358362850547,22.6858091005773,5.01345410234109,30.076119893371438,15.571276846205,,,35.4783546143681,8.20446624610237,0.852166910665912,12.335790283359676,32.7388347274364,,37.5263462064362,23.0839099816418,5.04886031657278,16.45598698208174,15.7339197969811,,,39.389743811922,8.30461459563844,0.903990503358689
SA,Saudi Arabia,1984,1980,3,1,5,82.95294241668536,79.7444242547882,,2.70140763548551,45.6333410823659,71.8462389621061,14.992902861190096,25.156680693997,,,50.7227949653428,22.1281531841407,4.0542268048634,80.8377086944575,66.7135242002774,,3.60333547691049,40.9249623988223,72.9394964324267,11.433583550336548,22.2877991485924,,,54.4326872485504,14.8818286661813,0.472986476461369,80.08867690617005,62.489286379728,,4.84255636295882,37.1206757344264,73.9000015258789,11.163516192929295,22.5746848021862,,,57.0293770573256,10.3760635985343,1.11075731577637
SD,Sudan,1984,1980,-3,2,3,21.58070084106585,24.9596889978574,,28.6064541779869,14.8646360229423,21.4474884740718,49.711526307511534,13.2529322112517,,,49.5600762779876,0.529381014438333,0.0868803333848725,20.25382677680136,17.6291009158533,,31.4663327170314,15.4883475942727,22.5734088894875,51.85631199228799,10.6419572601797,,,46.8616975534248,3.30868125725588,-0.0376458485603618,20.796673509054383,12.9605041517211,,34.5177463783912,15.5082142644815,23.956705861531,47.22159531042598,11.3751213808684,,,45.1921285745427,10.9014882780761,-0.0809536067458037
SE,Sweden,1984,1980,1,5,9,81.69996866375226,64.2765609460771,,4.59003427210409,29.2678930428147,83.0966927900602,39.23693192687848,24.4560608394136,,,56.4116687070597,26.4517122771848,0.26596409881207,82.01548616343743,64.0894777838294,,4.54995825826675,29.2998388687565,83.098679811213,38.64145759012821,25.6545029545318,,,55.8149344823246,26.3674249676304,0.344823198947915,82.40315223147795,58.3300241427248,,4.3851783346041,28.9232293933994,83.111717825664,35.01907632328168,24.521033004772,,,56.2204473566866,26.3147846035073,0.720426610279399
SG,Singapore,1984,1980,6,1,6,72.27040453336114,313.123526254242,,1.06996338400782,35.1583018614727,100.0,32.13045761396573,46.2205011214846,,,60.0322546632671,45.8517052316776,6.59196673143056,72.14861072410037,304.14484567871,,0.921131200015662,32.1732725119179,100.0,25.26967180327858,40.7899116066447,,,63.1408028818387,41.8537153596915,5.46417677336253,72.37712442041932,294.826460468494,,0.716998388465423,33.128651324075,100.0,15.534129747284878,35.1285192711658,,,62.6172886603232,40.7471260151567,9.20162995625447
SI,Slovenia,1984,1980,-3,3,10,,,,,,50.2111152771469,53.12100221154476,,,,,,,,,,,,50.5209470884892,56.09766273808625,,,,,,,,,,,,50.7606378645542,57.53641686562021,,,,,,
SK,Slovak Republic,1984,1980,1,0,9,,,,,,54.384307189342,,,,,,,,,,,,,54.9768203733779,,,,,,,,,,,,,55.5142986175413,,,,,,,
SL,Sierra Leone,1984,1980,-3,-1,1,29.2871475692102,23.0298589485254,,38.5784942297124,13.1159553031691,31.7692237825286,,12.1560725407584,,,44.4586920681444,10.9250778530866,0.538560175945789,28.059779516536924,31.4318442153494,,42.7925773195876,12.9587857961054,32.1015093429715,,9.71821305841924,,,39.0309965635739,0.398625429553265,-3.61271407759756,27.86564609155729,26.9269776876268,,34.73005831643,14.6663286004057,32.4125385313847,,9.25076064908722,,,42.0437880324544,14.6069979716024,-28.6242557290297
SN,Senegal,1984,1980,-3,1,3,26.908072439153838,65.4332867839953,,18.4282582429714,21.2808782199912,37.3672310712406,41.90743785546695,16.4708770266329,,,51.1018814834967,4.60489121051465,0.834610384208692,27.006287166621902,52.6337717754652,,21.3274112292183,20.3913874691559,37.6793388077723,42.60861549373416,15.2686166795207,,,49.3267326167171,6.27024998816158,-0.413822726298288,27.039003913198258,44.8247040340199,,22.0212309210718,19.9021682507357,37.9735087832125,37.46082697663077,11.0797002765633,,,48.4743121678446,3.91056769845635,-0.156374360400421
SV,El Salvador,1984,1980,-3,2,3,40.49763983101962,50.290675048531,,28.9421253623402,22.5626196956296,45.1138197629018,41.7384844812596,11.4593195031553,,,48.4952549420302,5.17805280489296,0.337549663632853,40.2763829277784,52.2105382093726,,26.911807975679,23.3569133267757,45.736396000289,46.54883420145296,12.0243310083132,,,49.7312786975453,3.28282104004333,0.326284139912113,39.99014806970849,53.7141227244257,,27.4289151799132,22.6927658864132,46.3718568123298,49.2100630760474,13.1211132531664,,,49.8783162823234,8.87337183235237,0.639867087892442
SY,Syrian Arab Republic,1984,1980,0,0,10,27.555814386788125,36.4245706246184,,19.3318467786892,22.9367417907674,47.6998687314281,40.18723735166542,23.9998938175254,,,57.7314114305434,12.4220222452284,0.0002856640386504,28.423155257483707,37.3974166416341,,20.6332231901472,22.2349053769901,47.9004636575506,44.65558128410922,24.0504656052869,,,57.1318714328627,10.5617302493241,0.0914436767798138,26.53934437524314,33.5104520028419,,23.4597180110674,22.6331642200274,48.0918744520422,50.121375259746,22.4580468914173,,,53.9071177689052,11.4746880409875,0.150452803378263
SZ,Eswatini,1984,1980,0,-2,2,31.321682988082323,,,17.7793008910212,22.5085675119945,22.0659529672259,42.57528975098776,,,,41.7957505140507,,1.01439307652519,31.330858034808863,,,16.9470404984424,21.3457943925234,22.5188185701749,45.905592943783184,,,,43.7632398753894,,3.22741433106282,32.54791551438257,,,18.9710610932476,25.2070544675046,22.7396631606809,43.00452105957091,,,,41.4011497612784,,6.92779990057745
TD,Chad,1984,1980,-3,-2,1,16.82450019643439,42.0708387754191,,32.5715214680102,15.5367726094292,20.1998775165583,45.829086585199256,3.41229896123835,,,48.7943498692406,-1.20482702816833,0.999480828958208,19.81727274023893,43.2336653879896,,37.0453795002989,12.7178327297214,20.42216201521,36.2657981861532,5.15855669560512,,,47.5745313918504,-9.23924425257414,5.19326944873866,18.67186020558816,48.7698991279027,,31.6745570966349,14.5567049586519,20.6220287116064,1.847812686688176,5.74528787994683,,,50.8645541032485,-11.0547699985721,2.64092106277313
TG,Togo,1984,1980,-2,-1,3,21.14814617530856,103.186743148537,,33.3970681962785,18.8017845761194,26.2021681670453,10.591708141158682,17.7501593371858,,,38.5595920968676,14.2766093052828,-0.979807277759182,21.501748066658685,105.547445255299,,32.6131386861752,18.8905109488161,26.5995506771182,14.258865508689874,26.802919707993,,,37.9854014598284,18.7153284671699,1.51174787549841,21.2643104916432,99.6189439302313,,34.8938486663324,19.7876973325684,27.0033202076388,34.853281161115376,27.3816004354282,,,34.7553075666805,16.6031573216731,0.408023798612943
TH,Thailand,1984,1980,0,-3,2,35.24579384341448,48.0692654183176,,17.5738564214472,31.9753651150936,17.7013465942106,27.052859144368867,28.6011107044225,,,,23.1798369217415,0.959430183811759,35.677328111866515,49.1552284474048,,15.809370205056,31.8426886683061,17.8206619675942,31.758955286297848,27.1650727563216,,,,24.2510191812127,0.419531294827773,36.25291871105125,49.1708546817786,,15.6641498962633,33.0829362710712,17.9491697016767,30.30303800679137,25.7802866709963,,,,25.855813303541,0.609103952633776
TN,Tunisia,1984,1980,1,-1,9,37.74303834417064,77.2908739317572,,14.2115276651488,33.5022768386252,52.967964805915,39.93457142073832,32.1252573139542,,,39.4781984904248,24.5337159253945,1.37234050101464,38.20685617109775,70.2363820298363,,15.8143710015246,32.7401222518274,53.5708532006185,38.531728598627055,28.1378681447074,,,38.7700725246855,24.1326247096875,1.28236208175644,37.5677877877992,67.485056700743,,13.0118429138037,30.4829339143065,54.3249401690766,37.43889089944646,24.9888274398078,,,43.7014691916653,19.480755265069,0.712250562749337
TR,Turkiye,1984,1980,-2,3,10,49.94620132504537,35.2801051047638,,21.2014310977356,25.6233776270508,44.4221550607045,52.33732394468167,14.3955339567488,,,50.920803196785,28.5910415463857,0.188529397056885,50.25552334979362,34.8269721189326,,19.6905586186263,26.3660583265661,45.582834481705,51.78182992180959,15.2629254462823,,,51.1384650453762,34.2827428017837,0.147249647390691,50.999152843024895,29.4144594777141,,19.5126009949236,30.9878952922221,46.7101642352311,49.812677654082094,17.1366874643936,,,46.5558455186347,38.450017913323,0.165184331030378
TT,Trinidad and Tobago,1984,1980,3,-2,7,59.03410226368226,,,1.32674437342214,48.3590266960305,53.5829996999832,42.79094066133611,,,,54.4899822742655,,1.45941881076436,58.166144975966624,,,2.43484035194511,46.1623595816502,53.8617797760512,38.86850017604138,,,,55.8878866692491,,0.0160478114105381,57.42181873067322,,,2.7630359212051,41.598493626883,54.1238986191857,38.93187190405416,,,,60.0776361529548,,-0.303012746234068
TZ,Tanzania,1984,1980,-3,-3,1,15.162567467358643,,,,,16.5906182303143,50.13852235863055,,,,,,-0.0652377619196035,14.83898597817209,,,,,17.000740832094,49.5194030074367,,,,,,0.0946615382464735,15.166045797501344,,,,,17.4008287042257,49.325683558694905,,,,,,-0.0690904307984799
UA,Ukraine,1984,1980,1,3,9,,,,,,64.4271407589836,,,,,,,,,,,,,65.014866177673,,,,,,,,,,,,,65.5440858114821,,,,,,,
UG,Uganda,1984,1980,-3,-3,1,10.315775183552182,27.0175794582304,,49.7566802991231,9.85599391793408,7.74254709862342,,8.23517750579498,,,31.1530448627324,6.30251005707645,0.0,9.328630180248648,28.746856396441,,48.375717866593,9.06205630710924,8.08581026563142,,8.73201845394909,,,34.28477969523,6.5601305222514,-0.113646196501416,8.92507088826273,28.048392146468,,53.0979734447245,9.59760370919415,8.44275065981117,,8.44692452702994,,,31.1082594410802,4.57347092566347,0.0
US,United States,1984,1980,1,5,9,82.93436832757955,17.5224074224053,,,,74.1500514363544,35.11373843555046,23.4759002410583,,,,22.5515669778159,0.624874152128993,83.44613097228036,16.603906126303,,,,74.30235208434,33.928156268072385,23.6853416437369,,,,21.5605791131969,0.221941613453303,83.84287042238178,16.8979771514343,,,,74.4709411979853,30.45461957562505,23.5971413417369,,,,20.8611567176482,0.675731298001957
UY,Uruguay,1984,1980,0,4,9,57.83961350977024,47.9560746008794,,14.6280284474872,34.4121639566796,86.8205016337316,53.34804319215573,10.955528668811,,,59.571148227934,17.3318676778706,0.0700996428364859,57.995195362169774,47.8565698432329,,13.5951131463716,35.9475799712538,87.2190031447863,55.37545705379433,9.63081191295919,,,58.8296369956881,17.0352558745864,-0.166947805595481,59.26234454153367,46.4837402254368,,12.6518194753433,36.2261061554339,87.5924935821549,55.80167335735627,9.89388499509798,,,56.7978626513141,17.1281005425353,0.629239630793004
VE,"Venezuela, RB",1984,1980,4,-2,8,48.88664529248081,42.6126711611343,,4.95324611019063,46.7725532765811,81.3384541743188,,15.50177112495,,,37.4177760003047,30.9746662476909,0.0300662743529681,48.60468602636392,39.4405916413658,,5.6067573121373,45.1943555657883,81.8081397991543,,16.7726109811702,,,38.113594453685,30.0652406394099,0.109738542543051,49.13105306370169,39.0019257030247,,6.42009354582846,47.3798582093824,82.2604998384616,,19.7473485808673,,,42.3918171931345,22.4899217453166,0.0264392347340676
VN,Viet Nam,1984,1980,0,-4,2,18.389201845162287,,,,,19.0799924473374,,,,,,,,18.61557900060464,,,,,19.0672575059852,,,,,,,-0.0005675897261254,18.71098259965254,23.2186943238731,,38.0634390651085,28.881469115192,19.0574542334283,,,,,33.0550918196995,,0.0001518797996661
ZA,South Africa,1984,1980,-1,3,10,52.721230242418805,43.392941289225,,3.95744646864792,37.9563442938494,48.9769185753438,41.75039041369452,23.6344613320341,,,51.248732099643,25.0121798302012,0.494284426190229,51.99271474997072,47.9482663808045,,4.28584356009717,37.8549203321755,49.2000007629395,44.239241592590695,23.0476336324212,,,50.7215002192692,25.5194592750889,-0.702215388638934,51.48409392997856,46.6489279194359,,4.12008256869787,38.1564032502476,49.5595109146059,45.22663405638527,20.443508453746,,,50.4856280351752,24.0660310945125,-0.0688258892123962
ZM,Zambia,1984,1980,-3,3,10,25.775996677738245,,,14.5447170959237,39.2313932265261,39.7943148274541,,,,,35.1206651794768,,0.632464800715879,25.55227030769047,,,13.0827641793577,42.0339654124069,39.7419636074556,,,,,34.6710219318712,,2.28639468617875,25.1899887507334,,,12.1713774376697,44.3532461120711,39.6803896489242,53.419499455711176,,,,33.2201925450506,,1.7002986254498
ZW,Zimbabwe,1984,1980,-2,2,10,33.10601419943608,41.3661353909878,,13.4365724709581,29.4893493845895,24.8329104510504,,17.0064513362369,,,47.5056720774378,16.4170895920058,-0.0391511027166594,33.62676588626825,44.2136766708603,,20.7265647688053,25.640794987025,25.636239319876,,14.2780978692962,,,45.045534804475,18.0255518847608,0.0505060215425737,33.42346365276111,45.5703530329928,,16.1358805918183,28.4694081664699,26.4765497576735,,15.0646582979652,,,46.2458904660064,20.5891937331901,0.119683157723071
