country_code,country_name,snapshot_year,time_index,decade,bmu_x,bmu_y,cluster,GDP_per_capita_constant_2015_US_t-2,Trade_percent_of_GDP_t-2,Unemployment_total_percent_of_labor_force_t-2,Agriculture_value_added_percent_of_GDP_t-2,Industry_value_added_percent_of_GDP_t-2,Urban_population_percent_t-2,Inflation_consumer_prices_annual_percent_t-2,Gross_fixed_capital_formation_percent_of_GDP_t-2,Access_to_electricity_percent_of_population_t-2,Internet_users_percent_of_population_t-2,Services_value_added_percent_of_GDP_t-2,Gross_domestic_savings_percent_of_GDP_t-2,Fertility_rate_total_t-2,FDI_net_inflows_percent_of_GDP_t-2,GDP_per_capita_constant_2015_US_t-1,Trade_percent_of_GDP_t-1,Unemployment_total_percent_of_labor_force_t-1,Agriculture_value_added_percent_of_GDP_t-1,Industry_value_added_percent_of_GDP_t-1,Urban_population_percent_t-1,Inflation_consumer_prices_annual_percent_t-1,Gross_fixed_capital_formation_percent_of_GDP_t-1,Access_to_electricity_percent_of_population_t-1,Internet_users_percent_of_population_t-1,Services_value_added_percent_of_GDP_t-1,Gross_domestic_savings_percent_of_GDP_t-1,Fertility_rate_total_t-1,FDI_net_inflows_percent_of_GDP_t-1,GDP_per_capita_constant_2015_US_t0,Trade_percent_of_GDP_t0,Unemployment_total_percent_of_labor_force_t0,Agriculture_value_added_percent_of_GDP_t0,Industry_value_added_percent_of_GDP_t0,Urban_population_percent_t0,Inflation_consumer_prices_annual_percent_t0,Gross_fixed_capital_formation_percent_of_GDP_t0,Access_to_electricity_percent_of_population_t0,Internet_users_percent_of_population_t0,Services_value_added_percent_of_GDP_t0,Gross_domestic_savings_percent_of_GDP_t0,Fertility_rate_total_t0,FDI_net_inflows_percent_of_GDP_t0
ME,Montenegro,1990,1992,1990,-4,7,5,,,,,,48.541693005835,,,100.0,,,,1.945,,,,30.228,,,49.0415573735914,,,100.0,,,,2.015,,,,30.283,,,49.7231487452489,,,100.0,,,,2.013,
ME,Montenegro,1992,1994,1990,-4,7,5,,,30.283,,,49.7231487452489,,,100.0,,,,2.013,,,,30.348,,,50.6126642944792,,,100.0,,,,1.955,,,,30.334,,,51.6631765173545,,,100.0,,,,1.936,
ME,Montenegro,1994,1996,1990,-4,7,5,,,30.334,,,51.6631765173545,,,100.0,,,,1.936,,,,30.294,,,52.8343773069715,,,100.0,,,,1.958,,,,30.235,,,54.0859585564272,,,100.0,,,,1.922,
ME,Montenegro,1996,1998,1990,-4,7,5,,,30.235,,,54.0859585564272,,,100.0,,,,1.922,,4448.04459737155,,30.298,,,55.3776121588181,,,100.0,,,,1.886,0.0,4680.26589864188,,30.269,,,56.6690300072411,,,100.0,,,,1.893,0.0
ME,Montenegro,1998,2000,1990,-4,7,5,4680.26589864188,,30.269,,,56.6690300072411,,,100.0,,,,1.893,0.0,4251.94337074251,,30.676,,,57.919903994793,,,100.0,,,,1.884,0.0,4391.36966049063,87.9252021443203,30.609,11.3018779223777,21.2590046532839,59.0899260145706,,16.8735262020514,99.1,,58.1769336369838,8.09318578698114,1.903,0.0
ME,Montenegro,2000,2002,2000,-4,7,10,4391.36966049063,87.9252021443203,30.609,11.3018779223777,21.2590046532839,59.0899260145706,,16.8735262020514,99.1,,58.1769336369838,8.09318578698114,1.903,0.0,4421.83994305167,100.409386075314,30.741,10.8112052258109,22.3143207912841,60.1387879596705,,17.5029920238435,99.1,,57.3561319115751,-0.126784597447321,1.855,0.0,4488.00716747744,95.2294000160253,30.423,10.923782282981,21.5953506185527,61.0261817231895,,14.6223811025521,99.0,,57.0810664584854,-5.75607948819167,1.813,0.0
ME,Montenegro,2002,2004,2000,-4,7,10,4488.00716747744,95.2294000160253,30.423,10.923782282981,21.5953506185527,61.0261817231895,,14.6223811025521,99.0,,57.0810664584854,-5.75607948819167,1.813,0.0,4581.10700736435,77.5983890107329,30.458,9.91498733882161,19.3294873017387,61.6986616237464,,13.2988726783425,99.0,,56.1878860599896,-0.961971435533942,1.804,0.0,4775.39883026359,100.109654967142,30.37,9.2619220581357,18.9729443885822,62.210498320663,,17.1322860515408,99.0,25.3501,56.8952971733453,0.56558247389032,1.734,0.0
ME,Montenegro,2004,2006,2000,-4,7,10,4775.39883026359,100.109654967142,30.37,9.2619220581357,18.9729443885822,62.210498320663,,17.1322860515408,99.0,25.3501,56.8952971733453,0.56558247389032,1.734,0.0,4967.68527082416,104.625139256659,30.31,8.75765980493599,17.341544930727,62.6763680644251,,17.9796186654061,99.8,27.1,57.6489509056228,0.199614984953118,1.69,0.0,5386.53833750521,118.177129375183,24.79,5.65822716443527,18.4566268180351,63.111308588912,2.92451258123648,22.7582986694709,99.0,28.9,57.5966091195002,-13.2738781349234,1.73,0.0
ME,Montenegro,2006,2008,2000,-2,7,10,5386.53833750521,118.177129375183,24.79,5.65822716443527,18.4566268180351,63.111308588912,2.92451258123648,22.7582986694709,99.0,28.9,57.5966091195002,-13.2738781349234,1.73,0.0,5763.04035952173,128.844214152476,19.4,5.14096761553622,17.4236682122468,63.5035790981749,4.34712215656112,32.7743216739558,99.0,30.8,56.9966369091048,-8.27399851668075,1.8,25.4861452996323,6149.68558098863,132.48054069386,17.15,5.30307563470907,18.134854953618,63.8414387962647,8.75872769588798,39.0191043275708,99.0,32.9,56.9162660570586,-12.5207904152915,1.89,21.4776806860127
ME,Montenegro,2008,2010,2000,-2,7,10,6149.68558098863,132.48054069386,17.15,5.30307563470907,18.134854953618,63.8414387962647,8.75872769588798,39.0191043275708,99.0,32.9,56.9162660570586,-12.5207904152915,1.89,21.4776806860127,5768.65709477479,99.8255760432413,19.09,5.94207498811569,17.530109017069,64.1131468872325,3.46672373207793,27.2415872912071,99.1,35.1,59.4774525067722,-4.21608569782913,1.98,37.4226485249522,5917.91788713074,98.8684992495822,19.649,5.46716738531637,17.1885067406217,64.3069625751293,0.654946570148479,22.0515648600772,99.2,37.5,60.7888561942815,-3.16882891812995,1.7,18.328887946631
ME,Montenegro,2010,2012,2010,-3,6,12,5917.91788713074,98.8684992495822,19.649,5.46716738531637,17.1885067406217,64.3069625751293,0.654946570148479,22.0515648600772,99.2,37.5,60.7888561942815,-3.16882891812995,1.7,18.328887946631,6110.66013917018,106.752728264703,19.759,5.17096892815778,15.1880842120516,64.4210914835811,3.4501431124869,20.0881437583785,99.0,35.6115,63.291503899449,-2.76487236761674,1.65,12.3507061996589,5948.3791195297,108.779987603414,19.808,4.89539575741918,14.8926108798408,64.5244008658951,4.14524724981119,20.2976524864041,99.3,56.8388,64.0175673838773,-4.26469008723678,1.72,15.1805596099333
ME,Montenegro,2012,2014,2010,-3,6,12,5948.3791195297,108.779987603414,19.808,4.89539575741918,14.8926108798408,64.5244008658951,4.14524724981119,20.2976524864041,99.3,56.8388,64.0175673838773,-4.26469008723678,1.72,15.1805596099333,6138.25153608056,103.785966371179,19.585,5.20960137991499,15.5405922471564,64.6252987959653,2.20589268141178,20.4275839558212,99.7,60.31,61.1310638130195,-1.43788598522031,1.73,10.0960454055249,6272.09116381077,100.438431458711,18.054,5.11569218646198,14.3320646687925,64.7232143772459,-0.710514051710227,19.3939366864442,97.7,63.8869,61.450852276444,-0.406779873420927,1.75,10.8522476721182
ME,Montenegro,2014,2016,2010,-4,5,13,6272.09116381077,100.438431458711,18.054,5.11569218646198,14.3320646687925,64.7232143772459,-0.710514051710227,19.3939366864442,97.7,63.8869,61.450852276444,-0.406779873420927,1.75,10.8522476721182,6421.00307345999,104.12510886943,17.555,4.96369912493667,14.4315421692779,64.8181652937171,1.54869158222486,20.7063411282255,99.5,68.1198,63.1079872713535,1.06746467595879,1.7,17.4489052276704,6634.38508838803,104.135954584294,17.732,4.80607864194884,15.5802198596652,64.9101692293409,-0.271385023385176,24.928915709691,99.6,69.8816,62.2581684285081,2.38792867796823,1.8,5.20261621395497
ME,Montenegro,2016,2018,2010,-4,5,13,6634.38508838803,104.135954584294,17.732,4.80607864194884,15.5802198596652,64.9101692293409,-0.271385023385176,24.928915709691,99.6,69.8816,62.2581684285081,2.38792867796823,1.8,5.20261621395497,6840.91155440218,106.711366689116,16.082,4.43612645373447,14.8316847329192,64.9992438680584,2.3802359905313,27.2209144935116,100.0,71.2723,62.3775307490001,4.93755667259887,1.8,11.6708961729682,7159.47114735985,111.098935509174,15.19,4.02702654709881,16.1079670855784,65.0854068937869,2.611223782638,29.76752680821,100.0,71.5171,61.4557592293687,7.16952871074532,1.8,8.93818094782242
ME,Montenegro,2018,2020,2010,-4,5,13,7159.47114735985,111.098935509174,15.19,4.02702654709881,16.1079670855784,65.0854068937869,2.611223782638,29.76752680821,100.0,71.5171,61.4557592293687,7.16952871074532,1.8,8.93818094782242,7470.29588471711,110.0161238696,15.128,3.70351082097405,16.435437285219,65.1686759904159,0.361563704540767,27.6012756763197,100.0,73.4767,60.9084834181942,9.54380132132805,1.8,7.61542118173081,6351.95486320483,87.8612027134909,17.878,4.18386978297396,17.6118147973713,65.2490688418027,-0.255655699848551,28.2047291895401,99.9,77.6088,60.8813578426969,-5.26928349218117,1.75,11.2394405744141
ME,Montenegro,2020,2022,2020,-4,5,13,6351.95486320483,87.8612027134909,17.878,4.18386978297396,17.6118147973713,65.2490688418027,-0.255655699848551,28.2047291895401,99.9,77.6088,60.8813578426969,-5.26928349218117,1.75,11.2394405744141,7198.30460781272,105.719249175045,16.543,3.7713187551422,14.8673370361287,65.3266031317675,2.41080198403165,22.2421966660379,99.8,82.2197,62.3980563675667,5.98806020934932,1.75,11.9123394477171,7773.60323941511,125.455937754994,14.851,3.99672766573405,13.4328345905852,65.4012965440866,13.0403036347004,21.7481973100477,100.0,88.2219,63.1549881438444,4.81653891435785,1.8,13.9582230042507
